ship_imo,company_imo,role,company_name,company_address,date_of_effect
8717910,5927668,Ship manager/Commercial manager,RYUSONG SHIPPING CO LTD,"Ryusong-dong, Chung-guyok, Pyongyang, North Korea.",since 08/07/2016
8717910,5740355,Registered owner,SEASTAR HONG KONG SHIPPING,"Care of Ryusong Shipping Co Ltd , Ryusong-dong, Chung-guyok, Pyongyang, North Korea.",since 08/07/2016
8717910,5927668,ISM Manager,RYUSONG SHIPPING CO LTD,"Ryusong-dong, Chung-guyok, Pyongyang, North Korea.",since 08/07/2016
9061227,5145314,Ship manager/Commercial manager,KOREA ANSAN SHIPPING CO,"Ryugyong 1-dong, Potonggang-guyok, Pyongyang, North Korea.",since 22/08/2016
9061227,5023386,Registered owner,DALIAN LONGGANG SHIPPING CO,"51, Changjiang Donglu, Zhongshan Qu, Dalian, Liaoning, 116001, China.",since 22/08/2016
9061227,5145314,ISM Manager,KOREA ANSAN SHIPPING CO,"Ryugyong 1-dong, Potonggang-guyok, Pyongyang, North Korea.",since 22/08/2016
9009085,5878575,Ship manager/Commercial manager,THAEPHYONGSAN SHIPPING CO LTD,"Room 402, 90, Sochon-dong, Sosong-guyok, Pyongyang, North Korea.",since 04/08/2015
9009085,5878575,Registered owner,THAEPHYONGSAN SHIPPING CO LTD,"Room 402, 90, Sochon-dong, Sosong-guyok, Pyongyang, North Korea.",since 04/08/2015
9009085,5878575,ISM Manager,THAEPHYONGSAN SHIPPING CO LTD,"Room 402, 90, Sochon-dong, Sosong-guyok, Pyongyang, North Korea.",since 04/08/2015
8314811,5805545,Ship manager/Commercial manager,KARIMCHON SHIPPING CO LTD,"Pyongchon 2-dong, Pyongchon-guyok, Pyongyang, North Korea.",since 08/05/2014
8314811,5805545,Registered owner,KARIMCHON SHIPPING CO LTD,"Pyongchon 2-dong, Pyongchon-guyok, Pyongyang, North Korea.",since 08/05/2014
8314811,5805545,ISM Manager,KARIMCHON SHIPPING CO LTD,"Pyongchon 2-dong, Pyongchon-guyok, Pyongyang, North Korea.",since 08/05/2014
8408791,5948465,Ship manager/Commercial manager,MYOHYANG TAEDONGGANG SHPG CO,"Kinmaul 1-dong, Moranbong-guyok, Pyongyang, North Korea.",since 07/09/2016
8408791,5948465,Registered owner,MYOHYANG TAEDONGGANG SHPG CO,"Kinmaul 1-dong, Moranbong-guyok, Pyongyang, North Korea.",since 07/09/2016
8408791,5948465,ISM Manager,MYOHYANG TAEDONGGANG SHPG CO,"Kinmaul 1-dong, Moranbong-guyok, Pyongyang, North Korea.",since 07/09/2016
8417962,5903628,ISM Manager,KOREA MYONGSUNG SHIPPING CO,"Inhung 1-dong, Moranbong-guyok. Pyongyang, North Korea.",since 01/08/2016
8417962,5903628,Registered owner,KOREA MYONGSUNG SHIPPING CO,"Inhung 1-dong, Moranbong-guyok. Pyongyang, North Korea.",since 06/01/2016
8417962,5903628,Ship manager/Commercial manager,KOREA MYONGSUNG SHIPPING CO,"Inhung 1-dong, Moranbong-guyok. Pyongyang, North Korea.",since 06/01/2016
8905490,5607043,ISM Manager,KOREA SONGI SHIPPING CO,"Chungsong 3-dong, Rakrang-guyok, Pyongyang, North Korea.",since 08/11/2016
8905490,5848797,Registered owner,WISE HONEST INTERNATIONAL LTD,"Care of Korea Songi Shipping Co , Chungsong 3-dong, Rakrang-guyok, Pyongyang, North Korea.",since 05/03/2015
8905490,5607043,Ship manager/Commercial manager,KOREA SONGI SHIPPING CO,"Chungsong 3-dong, Rakrang-guyok, Pyongyang, North Korea.",since 07/11/2016
9021576,5927668,Ship manager/Commercial manager,RYUSONG SHIPPING CO LTD,"Ryusong-dong, Chung-guyok, Pyongyang, North Korea.",since 27/05/2016
9021576,5740355,Registered owner,SEASTAR HONG KONG SHIPPING,"Care of Ryusong Shipping Co Ltd , Ryusong-dong, Chung-guyok, Pyongyang, North Korea.",since 27/05/2016
9021576,5927668,ISM Manager,RYUSONG SHIPPING CO LTD,"Ryusong-dong, Chung-guyok, Pyongyang, North Korea.",since 27/05/2016
8325016,5928635,Ship manager/Commercial manager,KOREA MARINE & INDUSTRIAL TRDG,"Changgyong 2-dong, Sosong-guyok, Pyongyang, North Korea.",since 02/06/2016
8325016,5928635,Registered owner,KOREA MARINE & INDUSTRIAL TRDG,"Changgyong 2-dong, Sosong-guyok, Pyongyang, North Korea.",since 02/06/2016
8325016,5928635,ISM Manager,KOREA MARINE & INDUSTRIAL TRDG,"Changgyong 2-dong, Sosong-guyok, Pyongyang, North Korea.",since 02/06/2016
8819017,5814866,Ship manager/Commercial manager,HAEJIN SHIP MANAGEMENT CO LTD,"Tonghung-dong, Chung-guyok, Pyongyang, North Korea.",before 10/2014
8819017,5821412,Registered owner,SEPHO SHIPPING CO LTD,"Care of Haejin Ship Management Co Ltd , Tonghung-dong, Chung-guyok, Pyongyang, North Korea.",before 10/2014
8819017,5814866,ISM Manager,HAEJIN SHIP MANAGEMENT CO LTD,"Tonghung-dong, Chung-guyok, Pyongyang, North Korea.",since 01/10/2014
8312435,1845332,ISM Manager,KOREA SUYANGSAN SHIPPING,"Sami-dong, Haeju, Hwanghaenam-do, North Korea.",since 17/09/2013
8312435,1845332,Registered owner,KOREA SUYANGSAN SHIPPING,"Sami-dong, Haeju, Hwanghaenam-do, North Korea.",during 04/2013
8312435,1845332,Ship manager/Commercial manager,KOREA SUYANGSAN SHIPPING,"Sami-dong, Haeju, Hwanghaenam-do, North Korea.",during 04/2013
8863733,5954044,Ship manager/Commercial manager,KOREA JASONG SHIPPING CO,"Ryukkyo 2-dong, Pyongchon-guyok, Pyongyang, North Korea.",since 03/10/2016
8863733,5954044,Registered owner,KOREA JASONG SHIPPING CO,"Ryukkyo 2-dong, Pyongchon-guyok, Pyongyang, North Korea.",since 03/10/2016
8863733,9991001,ISM Manager,UNKNOWN,,since 03/10/2016
8018912,5814866,Ship manager/Commercial manager,HAEJIN SHIP MANAGEMENT CO LTD,"Tonghung-dong, Chung-guyok, Pyongyang, North Korea.",since 05/09/2014
8018912,5817772,Registered owner,RYONGRIM SHIPPING CO LTD,"Care of Haejin Ship Management Co Ltd , Tonghung-dong, Chung-guyok, Pyongyang, North Korea.",since 05/09/2014
8018912,5814866,ISM Manager,HAEJIN SHIP MANAGEMENT CO LTD,"Tonghung-dong, Chung-guyok, Pyongyang, North Korea.",since 05/09/2014
8405270,5817790,Ship manager/Commercial manager,PYONGJIN SHIP MANAGEMENT CO,"Ryukkyo 1-dong, Pyongchon-guyok, Pyongyang, North Korea.",before 10/2014
8405270,5817812,Registered owner,HUICHON SHIPPING CO LTD,"Care of Pyongjin Ship Management Co Ltd , Ryukkyo 1-dong, Pyongchon-guyok, Pyongyang, North Korea.",before 10/2014
8405270,5817790,ISM Manager,PYONGJIN SHIP MANAGEMENT CO,"Ryukkyo 1-dong, Pyongchon-guyok, Pyongyang, North Korea.",since 01/10/2014
8828927,5954058,Ship manager/Commercial manager,KOREA UNBONG SHIPPING CO,"Kumsong 3-dong, Mangyongdae-guyok, Pyongyang, North Korea.",since 18/10/2016
8828927,5954058,Registered owner,KOREA UNBONG SHIPPING CO,"Kumsong 3-dong, Mangyongdae-guyok, Pyongyang, North Korea.",since 18/10/2016
8828927,9991001,ISM Manager,UNKNOWN,,since 18/10/2016
9020534,5787653,Ship manager/Commercial manager,KOREA RUNGRADO RYONGAK TRADING,"Pulgunkori 2-dong, Potonggang-guyok, Pyongyang, North Korea.",since 05/08/2015
9020534,5787653,Registered owner,KOREA RUNGRADO RYONGAK TRADING,"Pulgunkori 2-dong, Potonggang-guyok, Pyongyang, North Korea.",since 05/08/2015
9020534,5787653,ISM Manager,KOREA RUNGRADO RYONGAK TRADING,"Pulgunkori 2-dong, Potonggang-guyok, Pyongyang, North Korea.",since 05/08/2015
8739396,5926921,Ship manager/Commercial manager,DAWN MARINE MANAGEMENT CO LTD,"Changgyong 2-dong, Sosong-guyok, Pyongyang, North Korea.",since 18/07/2016
8739396,5926921,Registered owner,DAWN MARINE MANAGEMENT CO LTD,"Changgyong 2-dong, Sosong-guyok, Pyongyang, North Korea.",since 18/07/2016
8739396,5926921,ISM Manager,DAWN MARINE MANAGEMENT CO LTD,"Changgyong 2-dong, Sosong-guyok, Pyongyang, North Korea.",since 18/07/2016
8713457,5787653,Ship manager/Commercial manager,KOREA RUNGRADO RYONGAK TRADING,"Pulgunkori 2-dong, Potonggang-guyok, Pyongyang, North Korea.",before 03/2015
8713457,5787653,Registered owner,KOREA RUNGRADO RYONGAK TRADING,"Pulgunkori 2-dong, Potonggang-guyok, Pyongyang, North Korea.",since 20/12/2012
8713457,5787653,ISM Manager,KOREA RUNGRADO RYONGAK TRADING,"Pulgunkori 2-dong, Potonggang-guyok, Pyongyang, North Korea.",since 01/03/2015
8416023,5648339,Ship manager/Commercial manager,KOREA JINHUNG 8 SHIPPING CO,"Chilgol 1-dong, Mangyongdae-guyok, Pyongyang, North Korea.",since 18/09/2011
8416023,5648339,Registered owner,KOREA JINHUNG 8 SHIPPING CO,"Chilgol 1-dong, Mangyongdae-guyok, Pyongyang, North Korea.",since 18/09/2011
8416023,5648339,ISM Manager,KOREA JINHUNG 8 SHIPPING CO,"Chilgol 1-dong, Mangyongdae-guyok, Pyongyang, North Korea.",since 18/09/2011
8937675,1845244,Ship manager/Commercial manager,NAMPHO FISHERY CO,"Ryongnam-ri, Waudo-guyok, Nampho, North Korea.",since 02/04/2016
8937675,5515931,ISM Manager,DALIAN XINSHENG SHPG AGENCY CO,"48, Qinjian Jie, Zhongshan Qu, Dalian, Liaoning, China.",since 29/03/2016
8937675,1845244,Registered owner,NAMPHO FISHERY CO,"Ryongnam-ri, Waudo-guyok, Nampho, North Korea.",since 02/04/2016
7640378,5814883,Ship manager/Commercial manager,YONGJIN SHIP MANAGEMENT CO LTD,"Tonghung-dong, Chung-guyok, Pyongyang, North Korea.",before 10/2014
7640378,5817809,Registered owner,TANCHON SHIPPING CO LTD,"Care of Yongjin Ship Management Co Ltd , Tonghung-dong, Chung-guyok, Pyongyang, North Korea.",before 10/2014
7640378,5814883,ISM Manager,YONGJIN SHIP MANAGEMENT CO LTD,"Tonghung-dong, Chung-guyok, Pyongyang, North Korea.",since 01/10/2014
8032683,5928891,Ship manager/Commercial manager,KOREA KANGAN SHIPPING CO LTD,"Pulgunkori 2-dong, Potonggang-guyok, Pyongyang, North Korea.",since 23/06/2016
8032683,5660680,Registered owner,UNIVERSAL IMP & EXP TRADING CO,"Care of Korea Kangan Shipping Co Ltd , Pulgunkori 2-dong, Potonggang-guyok, Pyongyang, North Korea.",since 22/02/2012
8032683,5928891,ISM Manager,KOREA KANGAN SHIPPING CO LTD,"Pulgunkori 2-dong, Potonggang-guyok, Pyongyang, North Korea.",since 23/06/2016
8203933,5926921,Ship manager/Commercial manager,DAWN MARINE MANAGEMENT CO LTD,"Changgyong 2-dong, Sosong-guyok, Pyongyang, North Korea.",since 29/03/2016
8203933,5926921,Registered owner,DAWN MARINE MANAGEMENT CO LTD,"Changgyong 2-dong, Sosong-guyok, Pyongyang, North Korea.",since 29/03/2016
8203933,5926921,ISM Manager,DAWN MARINE MANAGEMENT CO LTD,"Changgyong 2-dong, Sosong-guyok, Pyongyang, North Korea.",since 29/03/2016
8620454,5434361,Ship manager/Commercial manager,KOREA MIYANG SHIPPING CO,"Okryu 3-dong, Taedonggang-guyok, Pyongyang, North Korea.",since 22/04/2009
8620454,5434361,Registered owner,KOREA MIYANG SHIPPING CO,"Okryu 3-dong, Taedonggang-guyok, Pyongyang, North Korea.",since 22/04/2009
8620454,5434361,ISM Manager,KOREA MIYANG SHIPPING CO,"Okryu 3-dong, Taedonggang-guyok, Pyongyang, North Korea.",since 22/04/2009
8511809,5935504,Ship manager/Commercial manager,KUMSONG SHIPPING CO LTD,"Changgyong 2-dong, Sosong-guyok, Pyongyang, North Korea.",since 01/08/2016
8511809,5935504,Registered owner,KUMSONG SHIPPING CO LTD,"Changgyong 2-dong, Sosong-guyok, Pyongyang, North Korea.",since 01/08/2016
8511809,5935504,ISM Manager,KUMSONG SHIPPING CO LTD,"Changgyong 2-dong, Sosong-guyok, Pyongyang, North Korea.",since 01/08/2016
9024889,5886531,Ship manager/Commercial manager,SUSONG SHIPPING CO LTD,"Ryugyong 1-dong, Potonggang-guyok, Pyongyang, North Korea.",since 14/09/2015
9024889,5886531,Registered owner,SUSONG SHIPPING CO LTD,"Ryugyong 1-dong, Potonggang-guyok, Pyongyang, North Korea.",since 14/09/2015
9024889,5886531,ISM Manager,SUSONG SHIPPING CO LTD,"Ryugyong 1-dong, Potonggang-guyok, Pyongyang, North Korea.",since 14/09/2015
8520719,5571305,Ship manager/Commercial manager,KOREA PUKSONG SHIPPING CO,"Chilgol 2-dong, Mangyongdae-guyok, Pyongyang, North Korea.",before 03/2016
8520719,5856372,Registered owner,DANDONG YUANZHOU TRADING,"Care of Korea Puksong Shipping Co , Chilgol 2-dong, Mangyongdae-guyok, Pyongyang, North Korea.",before 03/2015
8520719,5571305,ISM Manager,KOREA PUKSONG SHIPPING CO,"Chilgol 2-dong, Mangyongdae-guyok, Pyongyang, North Korea.",since 01/03/2016
8909575,5878589,Ship manager/Commercial manager,CHONGBONG SHIPPING CO LTD,"Room 502, 90, Ponghak-dong, Pyongchon-guyok, Pyongyang, North Korea.",since 04/08/2015
8909575,5878589,Registered owner,CHONGBONG SHIPPING CO LTD,"Room 502, 90, Ponghak-dong, Pyongchon-guyok, Pyongyang, North Korea.",since 04/08/2015
8909575,5878589,ISM Manager,CHONGBONG SHIPPING CO LTD,"Room 502, 90, Ponghak-dong, Pyongchon-guyok, Pyongyang, North Korea.",since 04/08/2015
8856962,5787667,Ship manager/Commercial manager,KOREA KWANGMYONG SHIPPING CO,"Tongmun 1-dong, Taedonggang-guyok, Pyongyang, North Korea.",since 18/06/2014
8856962,5787667,Registered owner,KOREA KWANGMYONG SHIPPING CO,"Tongmun 1-dong, Taedonggang-guyok, Pyongyang, North Korea.",since 07/12/2013
8856962,5787667,ISM Manager,KOREA KWANGMYONG SHIPPING CO,"Tongmun 1-dong, Taedonggang-guyok, Pyongyang, North Korea.",since 18/06/2014
9036533,4207626,Registered owner,HONGKONG SONG U TRADING GROUP,"Care of Natural Energy Development Exchange Corp , Chungsong 3-dong, Rakrang-guyok, Pyongyang, North Korea.",before 03/2016
9036533,5878592,Ship manager/Commercial manager,CHONNYON SHIPPING CO LTD,"Rakrang 3-dong, Rakrang-guyok, Pyongyang, North Korea.",since 30/06/2015
9036533,5878592,ISM Manager,CHONNYON SHIPPING CO LTD,"Rakrang 3-dong, Rakrang-guyok, Pyongyang, North Korea.",since 30/06/2015
9138680,5946075,Ship manager/Commercial manager,SUSAM SHIPPING CO,"Palgol-dong, Mangyongdae-guyok, Pyongyang, North Korea.",since 28/07/2016
9138680,5946075,Registered owner,SUSAM SHIPPING CO,"Palgol-dong, Mangyongdae-guyok, Pyongyang, North Korea.",since 28/07/2016
9138680,5946075,ISM Manager,SUSAM SHIPPING CO,"Palgol-dong, Mangyongdae-guyok, Pyongyang, North Korea.",since 28/07/2016
8914075,5805576,Ship manager/Commercial manager,JANGJINGANG SHIPPING CO LTD,"Haeun-dong, Pyongchon-guyok, Pyongyang, North Korea.",since 08/05/2014
8914075,5805576,Registered owner,JANGJINGANG SHIPPING CO LTD,"Haeun-dong, Pyongchon-guyok, Pyongyang, North Korea.",since 08/05/2014
8914075,5805576,ISM Manager,JANGJINGANG SHIPPING CO LTD,"Haeun-dong, Pyongchon-guyok, Pyongyang, North Korea.",since 08/05/2014
8416009,1845381,Ship manager/Commercial manager,TAE DONG GANG SHIPPING CO,"Undok-dong, Pyongsong, Pyeong-annam-do, North Korea.",during 03/2011
8416009,1845381,ISM Manager,TAE DONG GANG SHIPPING CO,"Undok-dong, Pyongsong, Pyeong-annam-do, North Korea.",since 26/11/2010
8416009,1845381,Registered owner,TAE DONG GANG SHIPPING CO,"Undok-dong, Pyongsong, Pyeong-annam-do, North Korea.",during 03/2011
8306929,5619960,Ship manager/Commercial manager,KOREA OSONG SHIPPING CO,"Kansong-dong, Pyongchon-guyok, Pyongyang, North Korea.",since 19/07/2016
8306929,5619960,Registered owner,KOREA OSONG SHIPPING CO,"Kansong-dong, Pyongchon-guyok, Pyongyang, North Korea.",since 19/07/2016
8306929,5619960,ISM Manager,KOREA OSONG SHIPPING CO,"Kansong-dong, Pyongchon-guyok, Pyongyang, North Korea.",since 19/07/2016
8400854,5321613,Ship manager/Commercial manager,KOREA HAEGUMGANG SHPG CO,"Uiam-dong, Taedonggang-guyok, Pyongyang, North Korea.",before 10/2014
8400854,5321613,Registered owner,KOREA HAEGUMGANG SHPG CO,"Uiam-dong, Taedonggang-guyok, Pyongyang, North Korea.",before 10/2014
8400854,5321613,ISM Manager,KOREA HAEGUMGANG SHPG CO,"Uiam-dong, Taedonggang-guyok, Pyongyang, North Korea.",since 01/10/2014
8415287,5805562,Ship manager/Commercial manager,HOCHONGANG SHIPPING CO LTD,"Kangan 2-dong, Songyo-guyok, Pyongyang, North Korea.",since 08/05/2014
8415287,5805562,Registered owner,HOCHONGANG SHIPPING CO LTD,"Kangan 2-dong, Songyo-guyok, Pyongyang, North Korea.",since 08/05/2014
8415287,5805562,ISM Manager,HOCHONGANG SHIPPING CO LTD,"Kangan 2-dong, Songyo-guyok, Pyongyang, North Korea.",since 08/05/2014
9314650,1701459,Ship manager/Commercial manager,KOREA SAMILPO SHIPPING CO,"Tonghung-dong, Chung-guyok, Pyongyang, North Korea.",since 10/09/2012
9314650,1701459,ISM Manager,KOREA SAMILPO SHIPPING CO,"Tonghung-dong, Chung-guyok, Pyongyang, North Korea.",since 18/06/2012
9314650,1701459,Registered owner,KOREA SAMILPO SHIPPING CO,"Tonghung-dong, Chung-guyok, Pyongyang, North Korea.",since 10/09/2012
8661719,5926921,Ship manager/Commercial manager,DAWN MARINE MANAGEMENT CO LTD,"Changgyong 2-dong, Sosong-guyok, Pyongyang, North Korea.",since 07/10/2016
8661719,5926921,Registered owner,DAWN MARINE MANAGEMENT CO LTD,"Changgyong 2-dong, Sosong-guyok, Pyongyang, North Korea.",since 07/10/2016
8661719,9991001,ISM Manager,UNKNOWN,,since 07/10/2016
9098206,5936290,Ship manager/Commercial manager,KOREA HUNGBAL SHIPPING CO,"Rakrang-guyok, Pyongyang, North Korea.",before 08/2016
9098206,5936290,Registered owner,KOREA HUNGBAL SHIPPING CO,"Rakrang-guyok, Pyongyang, North Korea.",before 08/2016
9098206,5936290,ISM Manager,KOREA HUNGBAL SHIPPING CO,"Rakrang-guyok, Pyongyang, North Korea.",since 01/08/2016
8324256,5787636,ISM Manager,SONGYONG SHIPPING CO,"Rakrang 3-dong, Rakrang-guyok, Pyongyang, North Korea.",since 01/08/2016
8324256,5787636,Registered owner,SONGYONG SHIPPING CO,"Rakrang 3-dong, Rakrang-guyok, Pyongyang, North Korea.",since 16/12/2013
8324256,5787636,Ship manager/Commercial manager,SONGYONG SHIPPING CO,"Rakrang 3-dong, Rakrang-guyok, Pyongyang, North Korea.",since 16/12/2013
9035967,5787640,Ship manager/Commercial manager,KOREA JINHUNG 9 SHIPPING CO,"Chilgol 1-dong, Mangyongdae-guyok, Pyongyang, North Korea.",since 16/07/2013
9035967,5787640,Registered owner,KOREA JINHUNG 9 SHIPPING CO,"Chilgol 1-dong, Mangyongdae-guyok, Pyongyang, North Korea.",since 16/07/2013
9035967,5787640,ISM Manager,KOREA JINHUNG 9 SHIPPING CO,"Chilgol 1-dong, Mangyongdae-guyok, Pyongyang, North Korea.",since 16/07/2013
8850865,1888142,Ship manager/Commercial manager,KOREA KUMRUNG SHIPPING CO,"Ryugyong 1-dong, Potonggang-guyok, Pyongyang, North Korea.",since 03/11/2006
8850865,1888142,ISM Manager,KOREA KUMRUNG SHIPPING CO,"Ryugyong 1-dong, Potonggang-guyok, Pyongyang, North Korea.",since 01/11/1997
8850865,1888142,Registered owner,KOREA KUMRUNG SHIPPING CO,"Ryugyong 1-dong, Potonggang-guyok, Pyongyang, North Korea.",since 03/11/2006
9041552,5817786,Ship manager/Commercial manager,HOERYONG SHIPPING CO LTD,"108, Pongnam-dong, Pyongchon-guyok, Pyongyang, North Korea.",during 10/2014
9041552,5817786,Registered owner,HOERYONG SHIPPING CO LTD,"108, Pongnam-dong, Pyongchon-guyok, Pyongyang, North Korea.",during 10/2014
9041552,5817786,ISM Manager,HOERYONG SHIPPING CO LTD,"108, Pongnam-dong, Pyongchon-guyok, Pyongyang, North Korea.",since 01/10/2014
9000766,9991001,ISM Manager,UNKNOWN,,since 01/12/2016
9000766,5954044,Registered owner,KOREA JASONG SHIPPING CO,"Ryukkyo 2-dong, Pyongchon-guyok, Pyongyang, North Korea.",since 15/11/2016
9000766,5954044,Ship manager/Commercial manager,KOREA JASONG SHIPPING CO,"Ryukkyo 2-dong, Pyongchon-guyok, Pyongyang, North Korea.",since 15/11/2016
8748713,5481528,Ship manager/Commercial manager,KOREA JINMYONG SHPG CO,"Chungsong-dong, Chung-guyok, Pyongyang, North Korea.",since 26/01/2016
8748713,5481528,Registered owner,KOREA JINMYONG SHPG CO,"Chungsong-dong, Chung-guyok, Pyongyang, North Korea.",since 26/01/2016
8748713,5481528,ISM Manager,KOREA JINMYONG SHPG CO,"Chungsong-dong, Chung-guyok, Pyongyang, North Korea.",since 26/01/2016
7408873,5954061,Ship manager/Commercial manager,KOREA SAMJONG SHIPPING CO,"Tonghung-dong, Chung-guyok, Pyongyang, North Korea.",since 25/11/2016
7408873,5800748,Registered owner,CHINA DANDONG XIANGHE,"Care of Korea Samjong Shipping Co , Tonghung-dong, Chung-guyok, Pyongyang, North Korea.",during 2014
7408873,5954061,ISM Manager,KOREA SAMJONG SHIPPING CO,"Tonghung-dong, Chung-guyok, Pyongyang, North Korea.",since 25/11/2016
8832136,5856409,Ship manager/Commercial manager,DONGYANG TRADING CO 1 DEPT,"Kwanmun 3-dong, Rakrang-guyok, Pyongyang, North Korea.",before 03/2015
8832136,5856409,Registered owner,DONGYANG TRADING CO 1 DEPT,"Kwanmun 3-dong, Rakrang-guyok, Pyongyang, North Korea.",before 03/2015
8832136,5856409,ISM Manager,DONGYANG TRADING CO 1 DEPT,"Kwanmun 3-dong, Rakrang-guyok, Pyongyang, North Korea.",since 01/03/2015
8915275,5076657,Ship manager/Commercial manager,KOREA JS SHIPPING CO,"Kyonghung-dong, Potonggang-guyok, Pyongyang, North Korea.",since 11/10/2016
8915275,5948479,Registered owner,KOREA NATURAL RESOURCE DEV INV,"Care of Korea JS Shipping Co , Kyonghung-dong, Potonggang-guyok, Pyongyang, North Korea.",since 11/10/2016
8915275,5076657,ISM Manager,KOREA JS SHIPPING CO,"Kyonghung-dong, Potonggang-guyok, Pyongyang, North Korea.",since 11/10/2016
8829593,5814883,Ship manager/Commercial manager,YONGJIN SHIP MANAGEMENT CO LTD,"Tonghung-dong, Chung-guyok, Pyongyang, North Korea.",since 11/09/2014
8829593,5822804,Registered owner,KANGGYE SHIPPING CO LTD,"Pyongyang, North Korea.",since 11/09/2014
8829593,5814883,ISM Manager,YONGJIN SHIP MANAGEMENT CO LTD,"Tonghung-dong, Chung-guyok, Pyongyang, North Korea.",since 11/09/2014
8606173,5814866,Ship manager/Commercial manager,HAEJIN SHIP MANAGEMENT CO LTD,"Tonghung-dong, Chung-guyok, Pyongyang, North Korea.",during 08/2014
8606173,5814870,Registered owner,CHOLRYONG SHIPPING CO LTD,"Care of Haejin Ship Management Co Ltd , Tonghung-dong, Chung-guyok, Pyongyang, North Korea.",during 08/2014
8606173,5814866,ISM Manager,HAEJIN SHIP MANAGEMENT CO LTD,"Tonghung-dong, Chung-guyok, Pyongyang, North Korea.",since 01/08/2014
8829555,5814883,Ship manager/Commercial manager,YONGJIN SHIP MANAGEMENT CO LTD,"Tonghung-dong, Chung-guyok, Pyongyang, North Korea.",since 10/09/2014
8829555,5821443,Registered owner,ORANG SHIPPING CO LTD,"Care of Yongjin Ship Management Co Ltd , Tonghung-dong, Chung-guyok, Pyongyang, North Korea.",since 10/09/2014
8829555,5814883,ISM Manager,YONGJIN SHIP MANAGEMENT CO LTD,"Tonghung-dong, Chung-guyok, Pyongyang, North Korea.",since 10/09/2014
8977900,5434327,Ship manager/Commercial manager,KOREA JONSONG SHIPPING CO LTD,"Rakrang-guyok, Pyongyang, North Korea.",during 06/2016
8977900,5929015,Registered owner,KOSONG SHIPPING CO,"Care of Korea Jonsong Shipping Co Ltd , Rakrang-guyok, Pyongyang, North Korea.",during 06/2016
8977900,5434327,ISM Manager,KOREA JONSONG SHIPPING CO LTD,"Rakrang-guyok, Pyongyang, North Korea.",since 01/06/2016
7937317,5826665,Ship manager/Commercial manager,TONGHUNGSAN SHIPPING CO LTD,"283, Ryugyong 2-dong, Potonggang-guyok, Pyongyang, North Korea.",before 10/2014
7937317,5826665,Registered owner,TONGHUNGSAN SHIPPING CO LTD,"283, Ryugyong 2-dong, Potonggang-guyok, Pyongyang, North Korea.",before 10/2014
7937317,5826665,ISM Manager,TONGHUNGSAN SHIPPING CO LTD,"283, Ryugyong 2-dong, Potonggang-guyok, Pyongyang, North Korea.",since 01/10/2014
8303290,5936309,Ship manager/Commercial manager,CHONGHAE SHIPPING CO,"Hungbu-dong, Moranbong-guyok, Pyongyang, North Korea.",before 08/2016
8303290,5637091,Registered owner,HONGKONG JINMING CO LTD,"Care of Chonghae Shipping Co , Hungbu-dong, Moranbong-guyok, Pyongyang, North Korea.",during 08/2016
8303290,5936309,ISM Manager,CHONGHAE SHIPPING CO,"Hungbu-dong, Moranbong-guyok, Pyongyang, North Korea.",since 01/08/2016
8323812,5146476,Ship manager/Commercial manager,KOREA KUMRUNG TRADING CO LTD,"Songuja-dong, Mangyongdae-guyok, Pyongyang, North Korea.",during 05/2013
8323812,5146476,Registered owner,KOREA KUMRUNG TRADING CO LTD,"Songuja-dong, Mangyongdae-guyok, Pyongyang, North Korea.",during 05/2013
8323812,5146476,ISM Manager,KOREA KUMRUNG TRADING CO LTD,"Songuja-dong, Mangyongdae-guyok, Pyongyang, North Korea.",since 01/05/2013
8627804,5522496,Registered owner,KOREA KANGSONG TRADING CO,"Apgang-dong, Sinuiju, Pyong-anbuk-do, North Korea.",during 12/2016
8627804,5522496,Ship manager/Commercial manager,KOREA KANGSONG TRADING CO,"Apgang-dong, Sinuiju, Pyong-anbuk-do, North Korea.",before 03/2015
8627804,5522496,ISM Manager,KOREA KANGSONG TRADING CO,"Apgang-dong, Sinuiju, Pyong-anbuk-do, North Korea.",since 01/03/2015
8604541,5607009,Ship manager/Commercial manager,XINGTAI INTERNATIONAL TRADING,"JDL589, 15th Floor, Highgrade Building, 117, Chatham Road South, Tsim Sha Tsui, Kowloon, Hong Kong, China.",since 20/11/2012
8604541,5607009,ISM Manager,XINGTAI INTERNATIONAL TRADING,"JDL589, 15th Floor, Highgrade Building, 117, Chatham Road South, Tsim Sha Tsui, Kowloon, Hong Kong, China.",since 01/12/2010
8604541,5726780,Registered owner,FLOURISH MARITIME LTD,"Care of Xingtai International Trading Co Ltd , JDL589, 15th Floor, Highgrade Building, 117, Chatham Road South, Tsim Sha Tsui, Kowloon, Hong Kong, China.",since 20/11/2012
9066978,5963351,Ship manager/Commercial manager,FIRST OIL JV CO LTD,"Jongbaek 1-dong, Rakrang-guyok, Pyongyang, North Korea.",since 11/12/2016
9066978,5963351,Registered owner,FIRST OIL JV CO LTD,"Jongbaek 1-dong, Rakrang-guyok, Pyongyang, North Korea.",since 11/12/2016
9066978,9991001,ISM Manager,UNKNOWN,,since 11/12/2016
8649840,5575722,Ship manager/Commercial manager,MARS SHIPPING CO LTD,"Chilgol 1-dong, Mangyongdae-guyok, Pyongyang, North Korea.",during 12/2016
8649840,4183032,Registered owner,DAOHE SHIPPING CO LTD,"Care of Mars Shipping Co Ltd , Chilgol 1-dong, Mangyongdae-guyok, Pyongyang, North Korea.",since 11/06/2002
8649840,5575722,ISM Manager,MARS SHIPPING CO LTD,"Chilgol 1-dong, Mangyongdae-guyok, Pyongyang, North Korea.",since 01/01/2014
8133530,5814866,Ship manager/Commercial manager,HAEJIN SHIP MANAGEMENT CO LTD,"Tonghung-dong, Chung-guyok, Pyongyang, North Korea.",since 10/10/2014
8133530,5821430,Registered owner,SONGJIN SHIPPING CO LTD,"Care of Haejin Ship Management Co Ltd , Tonghung-dong, Chung-guyok, Pyongyang, North Korea.",since 10/10/2014
8133530,5814866,ISM Manager,HAEJIN SHIP MANAGEMENT CO LTD,"Tonghung-dong, Chung-guyok, Pyongyang, North Korea.",since 10/10/2014
9092991,5647671,Ship manager/Commercial manager,KOREA KONBONG SHIPPING CO,"Tangsang 1-dong, Mangyongdae-guyok, Pyongyang, North Korea.",before 10/2014
9092991,5647671,Registered owner,KOREA KONBONG SHIPPING CO,"Tangsang 1-dong, Mangyongdae-guyok, Pyongyang, North Korea.",before 10/2014
9092991,5647671,ISM Manager,KOREA KONBONG SHIPPING CO,"Tangsang 1-dong, Mangyongdae-guyok, Pyongyang, North Korea.",since 01/10/2014
8323537,5341531,Ship manager/Commercial manager,KOREA YANGGAKDO SHIPPING CO,"Pongnam-dong, Pyongchon-guyok, Pyongyang, North Korea.",since 08/02/2013
8323537,5341531,Registered owner,KOREA YANGGAKDO SHIPPING CO,"Pongnam-dong, Pyongchon-guyok, Pyongyang, North Korea.",since 08/02/2013
8323537,5341531,ISM Manager,KOREA YANGGAKDO SHIPPING CO,"Pongnam-dong, Pyongchon-guyok, Pyongyang, North Korea.",since 08/02/2013
9050967,1845231,Ship manager/Commercial manager,CHONGJIN FISHERY CO,"Sunam-guyok, Chungjin, Hamgyongbuk-do, North Korea.",since 25/10/2015
9050967,1845231,Registered owner,CHONGJIN FISHERY CO,"Sunam-guyok, Chungjin, Hamgyongbuk-do, North Korea.",since 25/10/2015
9050967,1845231,ISM Manager,CHONGJIN FISHERY CO,"Sunam-guyok, Chungjin, Hamgyongbuk-do, North Korea.",since 25/10/2015
8319005,5571305,Ship manager/Commercial manager,KOREA PUKSONG SHIPPING CO,"Chilgol 2-dong, Mangyongdae-guyok, Pyongyang, North Korea.",since 14/12/2016
8319005,5962557,Registered owner,SURPLUS SEA LTD,"Care of Korea Puksong Shipping Co , Chilgol 2-dong, Mangyongdae-guyok, Pyongyang, North Korea.",since 14/12/2016
8319005,9991001,ISM Manager,UNKNOWN,,since 14/12/2016
8705539,5926921,Ship manager/Commercial manager,DAWN MARINE MANAGEMENT CO LTD,"Changgyong 2-dong, Sosong-guyok, Pyongyang, North Korea.",since 07/04/2016
8705539,5110478,Registered owner,KOREA KUMUNSAN SHIPPING CO,"Pongnam-dong, Pyongchon-guyok, Pyongyang, North Korea.",since 07/04/2016
8705539,5926921,ISM Manager,DAWN MARINE MANAGEMENT CO LTD,"Changgyong 2-dong, Sosong-guyok, Pyongyang, North Korea.",since 07/04/2016
8904824,5341531,Ship manager/Commercial manager,KOREA YANGGAKDO SHIPPING CO,"Pongnam-dong, Pyongchon-guyok, Pyongyang, North Korea.",since 18/07/2016
8904824,5651219,Registered owner,HONGKONG CHEONG SONG SHIPPING,"Care of Korea Yanggakdo Shipping Co , Pongnam-dong, Pyongchon-guyok, Pyongyang, North Korea.",since 31/12/2011
8904824,5341531,ISM Manager,KOREA YANGGAKDO SHIPPING CO,"Pongnam-dong, Pyongchon-guyok, Pyongyang, North Korea.",since 18/07/2016
8735924,1891570,Ship manager/Commercial manager,KOREA SONBONG GENERAL TRADING,"1, Kinmaul-dong, Moranbong-guyok, Pyongyang, North Korea.",since 19/10/2015
8735924,5657721,Registered owner,CHINKO SHIPPING TRADING CO LTD,"Care of Korea Sonbong General Trading Co , 1, Kinmaul-dong, Moranbong-guyok, Pyongyang, North Korea.",before 06/2011
8735924,1891570,ISM Manager,KOREA SONBONG GENERAL TRADING,"1, Kinmaul-dong, Moranbong-guyok, Pyongyang, North Korea.",since 19/10/2015
9298076,5725614,Ship manager/Commercial manager,SIUNBONG OCEAN INTL GROUP CO,"Tongmun 1-dong, Taedonggang-guyok, Pyongyang, North Korea.",before 2014
9298076,5725614,ISM Manager,SIUNBONG OCEAN INTL GROUP CO,"Tongmun 1-dong, Taedonggang-guyok, Pyongyang, North Korea.",since 01/01/2013
9298076,5725614,Registered owner,SIUNBONG OCEAN INTL GROUP CO,"Tongmun 1-dong, Taedonggang-guyok, Pyongyang, North Korea.",before 2014
9364899,5343881,Ship manager/Commercial manager,MANPUNG SHIPPING CO,"Kumsong 3-dong, Mangyongdae-guyok, Pyongyang, North Korea.",since 15/07/2014
9364899,5343881,Registered owner,MANPUNG SHIPPING CO,"Kumsong 3-dong, Mangyongdae-guyok, Pyongyang, North Korea.",since 15/07/2014
9364899,5343881,ISM Manager,MANPUNG SHIPPING CO,"Kumsong 3-dong, Mangyongdae-guyok, Pyongyang, North Korea.",since 15/07/2014
8511251,5647640,Ship manager/Commercial manager,KOREA JONSUNG TRADING CO,"Unha-dong, Potonggang-guyok, Pyongyang, North Korea.",since 18/11/2011
8511251,5647640,Registered owner,KOREA JONSUNG TRADING CO,"Unha-dong, Potonggang-guyok, Pyongyang, North Korea.",since 18/11/2011
8511251,5647640,ISM Manager,KOREA JONSUNG TRADING CO,"Unha-dong, Potonggang-guyok, Pyongyang, North Korea.",since 18/11/2011
8625545,1701459,ISM Manager,KOREA SAMILPO SHIPPING CO,"Tonghung-dong, Chung-guyok, Pyongyang, North Korea.",since 01/01/2013
8625545,1701459,Registered owner,KOREA SAMILPO SHIPPING CO,"Tonghung-dong, Chung-guyok, Pyongyang, North Korea.",since 15/07/2011
8625545,1701459,Ship manager/Commercial manager,KOREA SAMILPO SHIPPING CO,"Tonghung-dong, Chung-guyok, Pyongyang, North Korea.",since 15/07/2011
8817289,5337141,Ship manager/Commercial manager,KOREA LYEMING SHIPPING CO,"Chungsong-dong, Chung-guyok, Pyongyang, North Korea.",since 06/11/2012
8817289,5337141,Registered owner,KOREA LYEMING SHIPPING CO,"Chungsong-dong, Chung-guyok, Pyongyang, North Korea.",since 06/11/2012
8817289,5337141,ISM Manager,KOREA LYEMING SHIPPING CO,"Chungsong-dong, Chung-guyok, Pyongyang, North Korea.",since 06/11/2012
9004671,5927654,Ship manager/Commercial manager,JUNGSONG SHIPPING CO LTD,"Chungsong-dong, Chung-guyok, Pyongyang, North Korea.",since 01/06/2016
9004671,5927654,Registered owner,JUNGSONG SHIPPING CO LTD,"Chungsong-dong, Chung-guyok, Pyongyang, North Korea.",since 01/06/2016
9004671,5927654,ISM Manager,JUNGSONG SHIPPING CO LTD,"Chungsong-dong, Chung-guyok, Pyongyang, North Korea.",since 01/06/2016
9020223,5886283,Ship manager/Commercial manager,KOREA KUMDAE SHIPPING CO,"Kyongsang-dong, Chung-guyok, Pyongyang, North Korea.",since 18/09/2015
9020223,5321542,ISM Manager,KOREA MANDAE TRADING CO,"Taedongmun-dong, Chung-guyok, Pyongyang, North Korea.",since 01/03/2015
9020223,5886283,Registered owner,KOREA KUMDAE SHIPPING CO,"Kyongsang-dong, Chung-guyok, Pyongyang, North Korea.",since 18/09/2015
8891900,5614028,Ship manager/Commercial manager,KOREA KUMBYOL TRADING CO,"Taehung-dong, Songyo-guyok Pyongyang, North Korea.",before 2014
8891900,5614028,Registered owner,KOREA KUMBYOL TRADING CO,"Taehung-dong, Songyo-guyok Pyongyang, North Korea.",before 2014
8891900,5614028,ISM Manager,KOREA KUMBYOL TRADING CO,"Taehung-dong, Songyo-guyok Pyongyang, North Korea.",since 01/01/2014
8703933,1414592,Ship manager/Commercial manager,KOREA RUNGRADO SHIPPING CO,"Pulgunkori 1-dong, Potonggang-guyok, Pyongyang, North Korea.",since 15/07/2014
8703933,1414592,Registered owner,KOREA RUNGRADO SHIPPING CO,"Pulgunkori 1-dong, Potonggang-guyok, Pyongyang, North Korea.",since 15/07/2014
8703933,1414592,ISM Manager,KOREA RUNGRADO SHIPPING CO,"Pulgunkori 1-dong, Potonggang-guyok, Pyongyang, North Korea.",since 15/07/2014
9089372,5805580,Ship manager/Commercial manager,KOREA MINHUNG SHIPPING CO,"Tongan 1-dong, Chung-guyok, Pyongyang, North Korea.",since 23/01/2014
9089372,5805580,Registered owner,KOREA MINHUNG SHIPPING CO,"Tongan 1-dong, Chung-guyok, Pyongyang, North Korea.",since 23/01/2014
9089372,5805580,ISM Manager,KOREA MINHUNG SHIPPING CO,"Tongan 1-dong, Chung-guyok, Pyongyang, North Korea.",since 23/01/2014
8604917,5434358,Ship manager/Commercial manager,KOREA YUJONG SHIPPING CO LTD,"Puksong 2-dong, Pyongchon-guyok, Pyongyang, North Korea.",during 04/2009
8604917,5434358,Registered owner,KOREA YUJONG SHIPPING CO LTD,"Puksong 2-dong, Pyongchon-guyok, Pyongyang, North Korea.",during 04/2009
8604917,5434358,ISM Manager,KOREA YUJONG SHIPPING CO LTD,"Puksong 2-dong, Pyongchon-guyok, Pyongyang, North Korea.",since 01/04/2009
8862155,5647698,ISM Manager,KOREA RYONHWAN SHIPPING,"Tongmun 1-dong, Taedonggang-guyok, Pyongyang, North Korea.",since 01/02/2016
8862155,5647698,Registered owner,KOREA RYONHWAN SHIPPING,"Tongmun 1-dong, Taedonggang-guyok, Pyongyang, North Korea.",since 18/03/2010
8862155,5647698,Ship manager/Commercial manager,KOREA RYONHWAN SHIPPING,"Tongmun 1-dong, Taedonggang-guyok, Pyongyang, North Korea.",since 18/03/2010
9054688,9991001,ISM Manager,UNKNOWN,,since 01/12/2016
9054688,5954058,Registered owner,KOREA UNBONG SHIPPING CO,"Kumsong 3-dong, Mangyongdae-guyok, Pyongyang, North Korea.",since 21/11/2016
9054688,5954058,Ship manager/Commercial manager,KOREA UNBONG SHIPPING CO,"Kumsong 3-dong, Mangyongdae-guyok, Pyongyang, North Korea.",since 21/11/2016
8955495,5434327,ISM Manager,KOREA JONSONG SHIPPING CO LTD,"Rakrang-guyok, Pyongyang, North Korea.",since 01/01/2013
8955495,5434327,Registered owner,KOREA JONSONG SHIPPING CO LTD,"Rakrang-guyok, Pyongyang, North Korea.",during 04/2009
8955495,5434327,Ship manager/Commercial manager,KOREA JONSONG SHIPPING CO LTD,"Rakrang-guyok, Pyongyang, North Korea.",during 04/2009
7389704,5614028,Ship manager/Commercial manager,KOREA KUMBYOL TRADING CO,"Taehung-dong, Songyo-guyok Pyongyang, North Korea.",since 01/04/2013
7389704,5614028,Registered owner,KOREA KUMBYOL TRADING CO,"Taehung-dong, Songyo-guyok Pyongyang, North Korea.",since 01/04/2013
7389704,5614028,ISM Manager,KOREA KUMBYOL TRADING CO,"Taehung-dong, Songyo-guyok Pyongyang, North Korea.",since 01/04/2013
8408193,5647671,Ship manager/Commercial manager,KOREA KONBONG SHIPPING CO,"Tangsang 1-dong, Mangyongdae-guyok, Pyongyang, North Korea.",before 10/2014
8408193,5647671,Registered owner,KOREA KONBONG SHIPPING CO,"Tangsang 1-dong, Mangyongdae-guyok, Pyongyang, North Korea.",before 10/2014
8408193,5647671,ISM Manager,KOREA KONBONG SHIPPING CO,"Tangsang 1-dong, Mangyongdae-guyok, Pyongyang, North Korea.",since 01/10/2014
8630382,5434344,Ship manager/Commercial manager,KOREA JANGSAENG TRADING CO LTD,"Kwanmun 2-dong, Rakrang-guyok, Pyongyang, North Korea.",during 03/2014
8630382,5434344,Registered owner,KOREA JANGSAENG TRADING CO LTD,"Kwanmun 2-dong, Rakrang-guyok, Pyongyang, North Korea.",during 03/2014
8630382,5434344,ISM Manager,KOREA JANGSAENG TRADING CO LTD,"Kwanmun 2-dong, Rakrang-guyok, Pyongyang, North Korea.",since 01/03/2014
8713471,5647684,ISM Manager,MIRIM SHIPPING CO LTD,"Tonghung-dong, Chung-guyok, Pyongyang, North Korea.",since 01/01/2013
8713471,5647684,Registered owner,MIRIM SHIPPING CO LTD,"Tonghung-dong, Chung-guyok, Pyongyang, North Korea.",since 18/08/2011
8713471,5647684,Ship manager/Commercial manager,MIRIM SHIPPING CO LTD,"Tonghung-dong, Chung-guyok, Pyongyang, North Korea.",since 18/08/2011
8922436,5146476,ISM Manager,KOREA KUMRUNG TRADING CO LTD,"Songuja-dong, Mangyongdae-guyok, Pyongyang, North Korea.",since 30/07/2010
8922436,5146476,Registered owner,KOREA KUMRUNG TRADING CO LTD,"Songuja-dong, Mangyongdae-guyok, Pyongyang, North Korea.",since 18/05/2002
8922436,5146476,Ship manager/Commercial manager,KOREA KUMRUNG TRADING CO LTD,"Songuja-dong, Mangyongdae-guyok, Pyongyang, North Korea.",since 18/05/2002
9338981,5928621,Ship manager/Commercial manager,RASON CHANGPHYONG SHIPPING CO,"Yuhyon-dong, Rajin-guyok, Rason, North Korea.",since 23/06/2016
9338981,5928621,Registered owner,RASON CHANGPHYONG SHIPPING CO,"Yuhyon-dong, Rajin-guyok, Rason, North Korea.",since 23/06/2016
9338981,5928621,ISM Manager,RASON CHANGPHYONG SHIPPING CO,"Yuhyon-dong, Rajin-guyok, Rason, North Korea.",since 23/06/2016
8660313,5936312,Ship manager/Commercial manager,KOREA ACHIM SHIPPING CO,"Sochang-dong, Chung-guyok, Pyongyang, North Korea.",before 08/2016
8660313,5936312,Registered owner,KOREA ACHIM SHIPPING CO,"Sochang-dong, Chung-guyok, Pyongyang, North Korea.",before 08/2016
8660313,5936312,ISM Manager,KOREA ACHIM SHIPPING CO,"Sochang-dong, Chung-guyok, Pyongyang, North Korea.",since 01/08/2016
8913186,5954058,Ship manager/Commercial manager,KOREA UNBONG SHIPPING CO,"Kumsong 3-dong, Mangyongdae-guyok, Pyongyang, North Korea.",since 23/11/2016
8913186,5954058,Registered owner,KOREA UNBONG SHIPPING CO,"Kumsong 3-dong, Mangyongdae-guyok, Pyongyang, North Korea.",since 23/11/2016
8913186,9991001,ISM Manager,UNKNOWN,,since 23/11/2016
7303279,5565156,Ship manager/Commercial manager,BARAKAT AL-ASHOOR MARINE SERV,"al-Istiqlal Street, al-Ashar, Basrah, Iraq.",since 24/04/2006
7303279,5565156,ISM Manager,BARAKAT AL-ASHOOR MARINE SERV,"al-Istiqlal Street, al-Ashar, Basrah, Iraq.",since 01/11/1997
7303279,5565156,Registered owner,BARAKAT AL-ASHOOR MARINE SERV,"al-Istiqlal Street, al-Ashar, Basrah, Iraq.",since 24/04/2006
8029985,5522496,Ship manager/Commercial manager,KOREA KANGSONG TRADING CO,"Apgang-dong, Sinuiju, Pyong-anbuk-do, North Korea.",before 06/2011
8029985,5522496,Registered owner,KOREA KANGSONG TRADING CO,"Apgang-dong, Sinuiju, Pyong-anbuk-do, North Korea.",before 06/2011
8029985,5522496,ISM Manager,KOREA KANGSONG TRADING CO,"Apgang-dong, Sinuiju, Pyong-anbuk-do, North Korea.",since 01/06/2011
9338979,5924663,Ship manager/Commercial manager,RASON SHIPPING CO,"Changpyong-dong, Rajin-guyok, Rason, North Korea.",since 27/04/2016
9338979,5924663,Registered owner,RASON SHIPPING CO,"Changpyong-dong, Rajin-guyok, Rason, North Korea.",since 27/04/2016
9338979,5924663,ISM Manager,RASON SHIPPING CO,"Changpyong-dong, Rajin-guyok, Rason, North Korea.",since 27/04/2016
9361407,5647684,ISM Manager,MIRIM SHIPPING CO LTD,"Tonghung-dong, Chung-guyok, Pyongyang, North Korea.",since 26/11/2013
9361407,5647684,Registered owner,MIRIM SHIPPING CO LTD,"Tonghung-dong, Chung-guyok, Pyongyang, North Korea.",since 28/10/2013
9361407,5647684,Ship manager/Commercial manager,MIRIM SHIPPING CO LTD,"Tonghung-dong, Chung-guyok, Pyongyang, North Korea.",since 28/10/2013
8503228,5878561,Ship manager/Commercial manager,PHYONGCHON SHIPPING & MARINE,"Otan-dong, Chung-guyok, Pyongyang, North Korea.",during 08/2015
8503228,5878561,Registered owner,PHYONGCHON SHIPPING & MARINE,"Otan-dong, Chung-guyok, Pyongyang, North Korea.",during 08/2015
8503228,5878561,ISM Manager,PHYONGCHON SHIPPING & MARINE,"Otan-dong, Chung-guyok, Pyongyang, North Korea.",since 01/08/2015
9066540,5787684,Ship manager/Commercial manager,HAPJANGGANG SHIPPING CORP,"Kumsong 3-dong, Mangyongdae-guyok, Pyongyang, North Korea.",since 11/12/2013
9066540,5787684,Registered owner,HAPJANGGANG SHIPPING CORP,"Kumsong 3-dong, Mangyongdae-guyok, Pyongyang, North Korea.",since 11/12/2013
9066540,5787684,ISM Manager,HAPJANGGANG SHIPPING CORP,"Kumsong 3-dong, Mangyongdae-guyok, Pyongyang, North Korea.",since 11/12/2013
8983404,5614028,ISM Manager,KOREA KUMBYOL TRADING CO,"Taehung-dong, Songyo-guyok Pyongyang, North Korea.",since 01/01/2013
8983404,5614028,Registered owner,KOREA KUMBYOL TRADING CO,"Taehung-dong, Songyo-guyok Pyongyang, North Korea.",during 06/2011
8983404,5614028,Ship manager/Commercial manager,KOREA KUMBYOL TRADING CO,"Taehung-dong, Songyo-guyok Pyongyang, North Korea.",during 06/2011
8672897,5850855,Ship manager/Commercial manager,KOREA HAEJIN SHIPPING CO,"Haeun 2-dong, Pyongchon-guyok, Pyongyang, North Korea.",since 02/03/2015
8672897,5850855,Registered owner,KOREA HAEJIN SHIPPING CO,"Haeun 2-dong, Pyongchon-guyok, Pyongyang, North Korea.",since 02/03/2015
8672897,5850855,ISM Manager,KOREA HAEJIN SHIPPING CO,"Haeun 2-dong, Pyongchon-guyok, Pyongyang, North Korea.",since 02/03/2015
8995990,5348658,Ship manager/Commercial manager,HAESONG SHIPPING CO,"Palgol-dong, Mangyongdae-guyok, Pyongyang, North Korea.",since 09/01/2014
8995990,5348658,Registered owner,HAESONG SHIPPING CO,"Palgol-dong, Mangyongdae-guyok, Pyongyang, North Korea.",since 09/01/2014
8995990,5348658,ISM Manager,HAESONG SHIPPING CO,"Palgol-dong, Mangyongdae-guyok, Pyongyang, North Korea.",since 09/01/2014
6908096,5614028,ISM Manager,KOREA KUMBYOL TRADING CO,"Taehung-dong, Songyo-guyok Pyongyang, North Korea.",since 01/08/2015
6908096,5614028,Registered owner,KOREA KUMBYOL TRADING CO,"Taehung-dong, Songyo-guyok Pyongyang, North Korea.",since 18/06/1998
6908096,5614028,Ship manager/Commercial manager,KOREA KUMBYOL TRADING CO,"Taehung-dong, Songyo-guyok Pyongyang, North Korea.",since 18/06/1998
8658267,5614028,Ship manager/Commercial manager,KOREA KUMBYOL TRADING CO,"Taehung-dong, Songyo-guyok Pyongyang, North Korea.",since 16/12/2008
8658267,5614028,Registered owner,KOREA KUMBYOL TRADING CO,"Taehung-dong, Songyo-guyok Pyongyang, North Korea.",since 16/12/2008
8658267,5614028,ISM Manager,KOREA KUMBYOL TRADING CO,"Taehung-dong, Songyo-guyok Pyongyang, North Korea.",since 16/12/2008
8405311,9991001,ISM Manager,UNKNOWN,,since 01/12/2016
8405311,5954061,Registered owner,KOREA SAMJONG SHIPPING CO,"Tonghung-dong, Chung-guyok, Pyongyang, North Korea.",since 23/11/2016
8405311,5954061,Ship manager/Commercial manager,KOREA SAMJONG SHIPPING CO,"Tonghung-dong, Chung-guyok, Pyongyang, North Korea.",since 23/11/2016
9004073,5963348,Ship manager/Commercial manager,SONGCHONGANG WATER TRANSPORT,"Unjong-dong, Songchongang-guyok, Hamhung, Hamgyongnam-do, North Korea.",since 17/11/2016
9004073,5963348,Registered owner,SONGCHONGANG WATER TRANSPORT,"Unjong-dong, Songchongang-guyok, Hamhung, Hamgyongnam-do, North Korea.",since 17/11/2016
9004073,9991001,ISM Manager,UNKNOWN,,since 17/11/2016
7402178,5614028,Ship manager/Commercial manager,KOREA KUMBYOL TRADING CO,"Taehung-dong, Songyo-guyok Pyongyang, North Korea.",before 01/2013
7402178,5614028,Registered owner,KOREA KUMBYOL TRADING CO,"Taehung-dong, Songyo-guyok Pyongyang, North Korea.",before 01/2013
7402178,5614028,ISM Manager,KOREA KUMBYOL TRADING CO,"Taehung-dong, Songyo-guyok Pyongyang, North Korea.",since 01/01/2013
7518642,0613729,ISM Manager,KOREA DAEHUNG SHIPPING CO,"Chungsong 1-dong, Rakrang-guyok, Pyongyang, North Korea.",since 01/01/2013
7518642,0613729,Registered owner,KOREA DAEHUNG SHIPPING CO,"Chungsong 1-dong, Rakrang-guyok, Pyongyang, North Korea.",before 1999
7518642,0613729,Ship manager/Commercial manager,KOREA DAEHUNG SHIPPING CO,"Chungsong 1-dong, Rakrang-guyok, Pyongyang, North Korea.",before 1999
8603286,9991001,ISM Manager,UNKNOWN,,since 01/12/2016
8603286,5954031,Registered owner,KOREA SONDOK TRADE & SHIPPING,"Chilgol 2-dong, Mangyongdae-guyok, Pyongyang, North Korea.",since 19/11/2016
8603286,5954031,Ship manager/Commercial manager,KOREA SONDOK TRADE & SHIPPING,"Chilgol 2-dong, Mangyongdae-guyok, Pyongyang, North Korea.",since 19/11/2016
8680014,5903601,Ship manager/Commercial manager,KIMCHAEK MANSON TRADING CO,"Haean-dong, Kimchaek, Hamgyongbuk-do, North Korea.",since 14/05/2015
8680014,5903601,Registered owner,KIMCHAEK MANSON TRADING CO,"Haean-dong, Kimchaek, Hamgyongbuk-do, North Korea.",since 14/05/2015
8680014,5903601,ISM Manager,KIMCHAEK MANSON TRADING CO,"Haean-dong, Kimchaek, Hamgyongbuk-do, North Korea.",since 14/05/2015
8651415,1790444,Ship manager/Commercial manager,KOREA NAMSAN SHPG CORP,"Munhwa-dong, Hanggu-guyok, Nampho, North Korea.",since 17/10/2002
8651415,1790444,Registered owner,KOREA NAMSAN SHPG CORP,"Munhwa-dong, Hanggu-guyok, Nampho, North Korea.",since 17/10/2002
8651415,1790444,ISM Manager,KOREA NAMSAN SHPG CORP,"Munhwa-dong, Hanggu-guyok, Nampho, North Korea.",since 17/10/2002
8743660,5146401,Ship manager/Commercial manager,KOREA SOGYONG TRADING CORP,"Ryugyong 1-dong, Potonggang-guyok, Pyongyang, North Korea.",since 04/08/2010
8743660,5146401,Registered owner,KOREA SOGYONG TRADING CORP,"Ryugyong 1-dong, Potonggang-guyok, Pyongyang, North Korea.",since 04/08/2010
8743660,5146401,ISM Manager,KOREA SOGYONG TRADING CORP,"Ryugyong 1-dong, Potonggang-guyok, Pyongyang, North Korea.",since 04/08/2010
8891871,1833502,ISM Manager,KOREA TUMANGANG SHPG CO,"Ingok-dong, Chongam-guyok, Chungjin, Hamgyongbuk-do, North Korea.",since 01/01/2012
8891871,1833502,Registered owner,KOREA TUMANGANG SHPG CO,"Ingok-dong, Chongam-guyok, Chungjin, Hamgyongbuk-do, North Korea.",before 1999
8891871,1833502,Ship manager/Commercial manager,KOREA TUMANGANG SHPG CO,"Ingok-dong, Chongam-guyok, Chungjin, Hamgyongbuk-do, North Korea.",before 1999
8150605,5725371,Ship manager/Commercial manager,SANGMYONG TRADING GENERAL CORP,"Ryongbuk-dong, Taesong-guyok, Pyongyang, North Korea.",since 10/07/2008
8150605,5725371,ISM Manager,SANGMYONG TRADING GENERAL CORP,"Ryongbuk-dong, Taesong-guyok, Pyongyang, North Korea.",since 01/07/2008
8150605,5725371,Registered owner,SANGMYONG TRADING GENERAL CORP,"Ryongbuk-dong, Taesong-guyok, Pyongyang, North Korea.",since 10/07/2008
7209112,5728463,Ship manager/Commercial manager,KOREA SUNGJIN SHIPPING CO,"Sojang-dong, Potonggang-guyok, Pyongyang, North Korea.",since 19/08/2003
7209112,5728463,ISM Manager,KOREA SUNGJIN SHIPPING CO,"Sojang-dong, Potonggang-guyok, Pyongyang, North Korea.",since 01/11/1997
7209112,5728463,Registered owner,KOREA SUNGJIN SHIPPING CO,"Sojang-dong, Potonggang-guyok, Pyongyang, North Korea.",since 19/08/2003
7225324,5728463,Ship manager/Commercial manager,KOREA SUNGJIN SHIPPING CO,"Sojang-dong, Potonggang-guyok, Pyongyang, North Korea.",since 14/12/1993
7225324,5728463,Registered owner,KOREA SUNGJIN SHIPPING CO,"Sojang-dong, Potonggang-guyok, Pyongyang, North Korea.",since 14/12/1993
7225324,5728463,ISM Manager,KOREA SUNGJIN SHIPPING CO,"Sojang-dong, Potonggang-guyok, Pyongyang, North Korea.",since 14/12/1993
7327419,5728463,Ship manager/Commercial manager,KOREA SUNGJIN SHIPPING CO,"Sojang-dong, Potonggang-guyok, Pyongyang, North Korea.",during 04/2009
7327419,5728463,Registered owner,KOREA SUNGJIN SHIPPING CO,"Sojang-dong, Potonggang-guyok, Pyongyang, North Korea.",during 04/2009
7327419,5728463,ISM Manager,KOREA SUNGJIN SHIPPING CO,"Sojang-dong, Potonggang-guyok, Pyongyang, North Korea.",since 01/04/2009
8832227,5341531,Ship manager/Commercial manager,KOREA YANGGAKDO SHIPPING CO,"Pongnam-dong, Pyongchon-guyok, Pyongyang, North Korea.",since 28/07/2006
8832227,5341531,Registered owner,KOREA YANGGAKDO SHIPPING CO,"Pongnam-dong, Pyongchon-guyok, Pyongyang, North Korea.",since 28/07/2006
8832227,5341531,ISM Manager,KOREA YANGGAKDO SHIPPING CO,"Pongnam-dong, Pyongchon-guyok, Pyongyang, North Korea.",since 28/07/2006
7506118,5145243,Ship manager/Commercial manager,KOREA DAEBONG SHIPPING CO,"Ansan 1-dong, Pyongchon-guyok, Pyongyang, North Korea.",during 2003
7506118,5145243,Registered owner,KOREA DAEBONG SHIPPING CO,"Ansan 1-dong, Pyongchon-guyok, Pyongyang, North Korea.",during 2003
7506118,5145243,ISM Manager,KOREA DAEBONG SHIPPING CO,"Ansan 1-dong, Pyongchon-guyok, Pyongyang, North Korea.",since 01/01/2003
7431117,5321644,Ship manager/Commercial manager,KOREA 222 SHIPPING & TRADING,"Rakrang 3-dong, Rakrang-guyok, Pyongyang, North Korea.",since 14/03/2007
7431117,5321644,Registered owner,KOREA 222 SHIPPING & TRADING,"Rakrang 3-dong, Rakrang-guyok, Pyongyang, North Korea.",since 14/03/2007
7431117,5321644,ISM Manager,KOREA 222 SHIPPING & TRADING,"Rakrang 3-dong, Rakrang-guyok, Pyongyang, North Korea.",since 14/03/2007
7910383,5666689,Ship manager/Commercial manager,SONBONG COMMERCIAL TRADING CO,"Ryonhwa 2-dong, Chung-guyok, Pyongyang, North Korea.",before 01/2013
7910383,5666689,Registered owner,SONBONG COMMERCIAL TRADING CO,"Ryonhwa 2-dong, Chung-guyok, Pyongyang, North Korea.",before 01/2013
7910383,5666689,ISM Manager,SONBONG COMMERCIAL TRADING CO,"Ryonhwa 2-dong, Chung-guyok, Pyongyang, North Korea.",since 01/01/2013
8210699,1648029,Ship manager/Commercial manager,KOREA DAESONG SHIPPING CO,"Kyonghung-dong, Potonggang-guyok, Pyongyang, North Korea.",during 05/2000
8210699,1648029,Registered owner,KOREA DAESONG SHIPPING CO,"Kyonghung-dong, Potonggang-guyok, Pyongyang, North Korea.",during 05/2000
8210699,1648029,ISM Manager,KOREA DAESONG SHIPPING CO,"Kyonghung-dong, Potonggang-guyok, Pyongyang, North Korea.",since 01/05/2000
9055618,5647667,Ship manager/Commercial manager,APROKGANG SHIPPING & TRADING,"Apgang-dong, Sinuiju, Pyong-anbuk-do, North Korea.",since 30/05/2012
9055618,5647667,Registered owner,APROKGANG SHIPPING & TRADING,"Apgang-dong, Sinuiju, Pyong-anbuk-do, North Korea.",since 30/05/2012
9055618,5647667,ISM Manager,APROKGANG SHIPPING & TRADING,"Apgang-dong, Sinuiju, Pyong-anbuk-do, North Korea.",since 30/05/2012
8732037,1790444,Registered owner,KOREA NAMSAN SHPG CORP,"Munhwa-dong, Hanggu-guyok, Nampho, North Korea.",before 03/2016
8732037,1790444,Ship manager/Commercial manager,KOREA NAMSAN SHPG CORP,"Munhwa-dong, Hanggu-guyok, Nampho, North Korea.",during 12/2012
8732037,1790444,ISM Manager,KOREA NAMSAN SHPG CORP,"Munhwa-dong, Hanggu-guyok, Nampho, North Korea.",since 01/12/2012
8661575,1991835,Ship manager/Commercial manager,TONGHUNG SHIPPING & TRADING CO,"Kinmaul-dong, Moranbong-guyok, Pyongyang, North Korea.",since 07/06/2013
8661575,1991835,Registered owner,TONGHUNG SHIPPING & TRADING CO,"Kinmaul-dong, Moranbong-guyok, Pyongyang, North Korea.",since 07/06/2013
8661575,1991835,ISM Manager,TONGHUNG SHIPPING & TRADING CO,"Kinmaul-dong, Moranbong-guyok, Pyongyang, North Korea.",since 07/06/2013
8891883,5146401,Ship manager/Commercial manager,KOREA SOGYONG TRADING CORP,"Ryugyong 1-dong, Potonggang-guyok, Pyongyang, North Korea.",before 2004
8891883,5146401,Registered owner,KOREA SOGYONG TRADING CORP,"Ryugyong 1-dong, Potonggang-guyok, Pyongyang, North Korea.",before 2004
8891883,5146401,ISM Manager,KOREA SOGYONG TRADING CORP,"Ryugyong 1-dong, Potonggang-guyok, Pyongyang, North Korea.",since 01/01/2004
8891857,1895246,Ship manager/Commercial manager,KOREA POTONGGANG SHIPPING CO,"Pulgunkori 1-dong, Potonggang-guyok, Pyongyang, North Korea.",before 1999
8891857,1895246,Registered owner,KOREA POTONGGANG SHIPPING CO,"Pulgunkori 1-dong, Potonggang-guyok, Pyongyang, North Korea.",before 1999
8891857,1895246,ISM Manager,KOREA POTONGGANG SHIPPING CO,"Pulgunkori 1-dong, Potonggang-guyok, Pyongyang, North Korea.",since 01/01/1999
8004428,4213409,Ship manager/Commercial manager,KOREA SAMJIYON TRADING CORP,"Chungsong-dong, Chung-guyok, Pyongyang, North Korea.",before 2010
8004428,4213409,Registered owner,KOREA SAMJIYON TRADING CORP,"Chungsong-dong, Chung-guyok, Pyongyang, North Korea.",before 2010
8004428,4213409,ISM Manager,KOREA SAMJIYON TRADING CORP,"Chungsong-dong, Chung-guyok, Pyongyang, North Korea.",since 01/01/2010
8029789,5481528,Ship manager/Commercial manager,KOREA JINMYONG SHPG CO,"Chungsong-dong, Chung-guyok, Pyongyang, North Korea.",since 27/02/2007
8029789,5481528,Registered owner,KOREA JINMYONG SHPG CO,"Chungsong-dong, Chung-guyok, Pyongyang, North Korea.",since 27/02/2007
8029789,5481528,ISM Manager,KOREA JINMYONG SHPG CO,"Chungsong-dong, Chung-guyok, Pyongyang, North Korea.",since 27/02/2007
8123145,5076657,Ship manager/Commercial manager,KOREA JS SHIPPING CO,"Kyonghung-dong, Potonggang-guyok, Pyongyang, North Korea.",during 2000
8123145,5076657,ISM Manager,KOREA JS SHIPPING CO,"Kyonghung-dong, Potonggang-guyok, Pyongyang, North Korea.",since 01/01/1999
8123145,5076657,Registered owner,KOREA JS SHIPPING CO,"Kyonghung-dong, Potonggang-guyok, Pyongyang, North Korea.",during 2000
8201870,5055293,Registered owner,GOORYONG SHIPPING CO LTD,"Changgyong 2-dong, Sosong-guyok, Pyongyang, North Korea.",before 2011
8201870,5055293,Ship manager/Commercial manager,GOORYONG SHIPPING CO LTD,"Changgyong 2-dong, Sosong-guyok, Pyongyang, North Korea.",before 2003
8201870,5055293,ISM Manager,GOORYONG SHIPPING CO LTD,"Changgyong 2-dong, Sosong-guyok, Pyongyang, North Korea.",since 01/01/2003
8966535,1957290,ISM Manager,KOREA KUMGANG TRADING CO,"Ansan 1-dong, Pyongchon-guyok, Pyongyang, North Korea.",since 30/11/2010
8966535,1957290,Registered owner,KOREA KUMGANG TRADING CO,"Ansan 1-dong, Pyongchon-guyok, Pyongyang, North Korea.",during 07/1985
8966535,1957290,Ship manager/Commercial manager,KOREA KUMGANG TRADING CO,"Ansan 1-dong, Pyongchon-guyok, Pyongyang, North Korea.",during 07/1985
8824220,5481531,Ship manager/Commercial manager,RASON SAHYANGSAN TRADE CO,"Anju-dong, Rajin-guyok, Rason, North Korea.",since 06/06/2009
8824220,5481531,Registered owner,RASON SAHYANGSAN TRADE CO,"Anju-dong, Rajin-guyok, Rason, North Korea.",since 06/06/2009
8824220,5481531,ISM Manager,RASON SAHYANGSAN TRADE CO,"Anju-dong, Rajin-guyok, Rason, North Korea.",since 06/06/2009
8916293,4199470,Ship manager/Commercial manager,OCEAN BUNKERING JV CO,"Otan-dong, Chung-guyok, Pyongyang, North Korea.",since 16/12/2013
8916293,4199470,Registered owner,OCEAN BUNKERING JV CO,"Otan-dong, Chung-guyok, Pyongyang, North Korea.",since 16/12/2013
8916293,4199470,ISM Manager,OCEAN BUNKERING JV CO,"Otan-dong, Chung-guyok, Pyongyang, North Korea.",since 16/12/2013
8989068,5321542,ISM Manager,KOREA MANDAE TRADING CO,"Taedongmun-dong, Chung-guyok, Pyongyang, North Korea.",since 13/07/2010
8989068,5321542,Registered owner,KOREA MANDAE TRADING CO,"Taedongmun-dong, Chung-guyok, Pyongyang, North Korea.",since 08/10/2009
8989068,5321542,Ship manager/Commercial manager,KOREA MANDAE TRADING CO,"Taedongmun-dong, Chung-guyok, Pyongyang, North Korea.",since 08/10/2009
8503735,5923461,Registered owner,KORPEN SHIPPING CO LTD,"Care of Dongnam Transport JV Co , Chongpyong-dong, Pyongchon-guyok, Pyongyang, North Korea.",since 01/11/2011
8503735,5522624,Ship manager/Commercial manager,DONGNAM TRANSPORT JV CO,"Chongpyong-dong, Pyongchon-guyok, Pyongyang, North Korea.",before 09/2010
8503735,5522624,ISM Manager,DONGNAM TRANSPORT JV CO,"Chongpyong-dong, Pyongchon-guyok, Pyongyang, North Korea.",since 01/09/2010
8613578,5361772,ISM Manager,KOREA KUMPIT SHIPPING CO,"Unha-dong, Potonggang-guyok, Pyongyang, North Korea.",since 01/01/2013
8613578,5361772,Registered owner,KOREA KUMPIT SHIPPING CO,"Unha-dong, Potonggang-guyok, Pyongyang, North Korea.",before 06/2011
8613578,5361772,Ship manager/Commercial manager,KOREA KUMPIT SHIPPING CO,"Unha-dong, Potonggang-guyok, Pyongyang, North Korea.",before 06/2011
8990550,5725628,Registered owner,NATIONALITY ECONOMIC,"Care of Korea Hyangamchon Trading Co , Pulgunkori 2-dong, Potonggang-guyok, Pyongyang, North Korea.",before 01/2013
8990550,5522571,Ship manager/Commercial manager,KOREA HYANGAMCHON TRADING CO,"Pulgunkori 2-dong, Potonggang-guyok, Pyongyang, North Korea.",since 26/10/2009
8990550,5522571,ISM Manager,KOREA HYANGAMCHON TRADING CO,"Pulgunkori 2-dong, Potonggang-guyok, Pyongyang, North Korea.",since 26/10/2009
8720436,5110478,Ship manager/Commercial manager,KOREA KUMUNSAN SHIPPING CO,"Pongnam-dong, Pyongchon-guyok, Pyongyang, North Korea.",since 13/10/2004
8720436,5110478,Registered owner,KOREA KUMUNSAN SHIPPING CO,"Pongnam-dong, Pyongchon-guyok, Pyongyang, North Korea.",since 13/10/2004
8720436,5110478,ISM Manager,KOREA KUMUNSAN SHIPPING CO,"Pongnam-dong, Pyongchon-guyok, Pyongyang, North Korea.",since 13/10/2004
8732908,1701414,Ship manager/Commercial manager,SINPO FISHERY CO,"Ryonho-dong, Sinpo, Hamgyongnam-do, North Korea.",before 01/2013
8732908,1701414,Registered owner,SINPO FISHERY CO,"Ryonho-dong, Sinpo, Hamgyongnam-do, North Korea.",since 05/11/1989
8732908,1701414,ISM Manager,SINPO FISHERY CO,"Ryonho-dong, Sinpo, Hamgyongnam-do, North Korea.",since 01/01/2013
8408595,5878561,Ship manager/Commercial manager,PHYONGCHON SHIPPING & MARINE,"Otan-dong, Chung-guyok, Pyongyang, North Korea.",before 02/2016
8408595,5878561,Registered owner,PHYONGCHON SHIPPING & MARINE,"Otan-dong, Chung-guyok, Pyongyang, North Korea.",before 02/2016
8408595,5878561,ISM Manager,PHYONGCHON SHIPPING & MARINE,"Otan-dong, Chung-guyok, Pyongyang, North Korea.",since 01/02/2016
8883707,1845346,ISM Manager,KOREA SONGCHONGANG TRADING CO,"Hoesang 1-dong, Hoesang-guyok, Hamhung, Hamgyongnam-do, North Korea.",since 01/11/1997
8883707,1845346,Registered owner,KOREA SONGCHONGANG TRADING CO,"Hoesang 1-dong, Hoesang-guyok, Hamhung, Hamgyongnam-do, North Korea.",during 1967
8883707,1845346,Ship manager/Commercial manager,KOREA SONGCHONGANG TRADING CO,"Hoesang 1-dong, Hoesang-guyok, Hamhung, Hamgyongnam-do, North Korea.",during 1967
7206641,5870288,Ship manager/Commercial manager,KOREA SONGDOWON TRADING CORP,"Wonsok-dong, Wonsan, Kangwon-do, North Korea.",since 01/03/2003
7206641,9991001,ISM Manager,UNKNOWN,,since 01/11/1997
7206641,5870288,Registered owner,KOREA SONGDOWON TRADING CORP,"Wonsok-dong, Wonsan, Kangwon-do, North Korea.",since 01/03/2003
8882040,1833502,Ship manager/Commercial manager,KOREA TUMANGANG SHPG CO,"Ingok-dong, Chongam-guyok, Chungjin, Hamgyongbuk-do, North Korea.",during 1990
8882040,1833502,Registered owner,KOREA TUMANGANG SHPG CO,"Ingok-dong, Chongam-guyok, Chungjin, Hamgyongbuk-do, North Korea.",during 1990
8882040,1833502,ISM Manager,KOREA TUMANGANG SHPG CO,"Ingok-dong, Chongam-guyok, Chungjin, Hamgyongbuk-do, North Korea.",since 01/01/1990
8850499,5884021,Ship manager/Commercial manager,RASON DAEHUNG TRADING CO LTD,"Sinhae-dong, Rajin-guyok, Rason, North Korea.",since 02/06/2001
8850499,9991001,ISM Manager,UNKNOWN,,since 01/11/1997
8850499,5884021,Registered owner,RASON DAEHUNG TRADING CO LTD,"Sinhae-dong, Rajin-guyok, Rason, North Korea.",since 02/06/2001
8730998,1701414,Ship manager/Commercial manager,SINPO FISHERY CO,"Ryonho-dong, Sinpo, Hamgyongnam-do, North Korea.",before 01/2013
8730998,1701414,Registered owner,SINPO FISHERY CO,"Ryonho-dong, Sinpo, Hamgyongnam-do, North Korea.",since 02/12/1999
8730998,1701414,ISM Manager,SINPO FISHERY CO,"Ryonho-dong, Sinpo, Hamgyongnam-do, North Korea.",since 01/01/2013
8922412,5145362,ISM Manager,SOLSONG SHIPPING CO,"Chungsong-dong, Chung-guyok, Pyongyang, North Korea.",since 09/01/2010
8922412,5145362,Registered owner,SOLSONG SHIPPING CO,"Chungsong-dong, Chung-guyok, Pyongyang, North Korea.",since 23/04/2001
8922412,5145362,Ship manager/Commercial manager,SOLSONG SHIPPING CO,"Chungsong-dong, Chung-guyok, Pyongyang, North Korea.",since 23/04/2001
8672691,1701414,Ship manager/Commercial manager,SINPO FISHERY CO,"Ryonho-dong, Sinpo, Hamgyongnam-do, North Korea.",since 14/11/2014
8672691,1701414,Registered owner,SINPO FISHERY CO,"Ryonho-dong, Sinpo, Hamgyongnam-do, North Korea.",since 14/11/2014
8672691,1701414,ISM Manager,SINPO FISHERY CO,"Ryonho-dong, Sinpo, Hamgyongnam-do, North Korea.",since 14/11/2014
7524275,1701171,ISM Manager,KIMCHAEK FISHERY CO,"Songnam-dong, Kimchaek, Hamgyongbuk-do, North Korea.",since 27/04/2010
7524275,1701171,Registered owner,KIMCHAEK FISHERY CO,"Songnam-dong, Kimchaek, Hamgyongbuk-do, North Korea.",during 1971
7524275,1701171,Ship manager/Commercial manager,KIMCHAEK FISHERY CO,"Songnam-dong, Kimchaek, Hamgyongbuk-do, North Korea.",during 1971
8406858,5614093,ISM Manager,MANCHUNG SHIPPING CO,"Mansu-dong, Chung-guyok, Pyongyang, North Korea.",since 01/06/2011
8406858,5614093,Ship manager/Commercial manager,MANCHUNG SHIPPING CO,"Mansu-dong, Chung-guyok, Pyongyang, North Korea.",during 06/2010
8406858,5618140,Registered owner,JIAJIA HOLDINGS LTD,"Care of Manchung Shipping Co , Mansu-dong, Chung-guyok, Pyongyang, North Korea.",before 2011
8922709,5856718,Ship manager/Commercial manager,ZADEH MK,"Care of Palm Shadow Trading LLC , Room 206B, Benyas Complex Building, Nasser Square, Deira, PO Box 48090, Dubai, United Arab Emirates.",before 03/2016
8922709,5856718,Registered owner,ZADEH MK,"Care of Palm Shadow Trading LLC , Room 206B, Benyas Complex Building, Nasser Square, Deira, PO Box 48090, Dubai, United Arab Emirates.",since 23/02/2015
8922709,5856718,ISM Manager,ZADEH MK,"Care of Palm Shadow Trading LLC , Room 206B, Benyas Complex Building, Nasser Square, Deira, PO Box 48090, Dubai, United Arab Emirates.",since 01/03/2016
7418373,5145036,Ship manager/Commercial manager,KUMSAN SHIPPING CO,"Ryugyong 1-dong, Potonggang-guyok, Pyongyang, North Korea.",since 05/05/2005
7418373,5145036,ISM Manager,KUMSAN SHIPPING CO,"Ryugyong 1-dong, Potonggang-guyok, Pyongyang, North Korea.",since 01/11/1997
7418373,5145036,Registered owner,KUMSAN SHIPPING CO,"Ryugyong 1-dong, Potonggang-guyok, Pyongyang, North Korea.",since 05/05/2005
8629101,5647667,Ship manager/Commercial manager,APROKGANG SHIPPING & TRADING,"Apgang-dong, Sinuiju, Pyong-anbuk-do, North Korea.",before 2011
8629101,5647667,Registered owner,APROKGANG SHIPPING & TRADING,"Apgang-dong, Sinuiju, Pyong-anbuk-do, North Korea.",before 2011
8629101,5647667,ISM Manager,APROKGANG SHIPPING & TRADING,"Apgang-dong, Sinuiju, Pyong-anbuk-do, North Korea.",since 01/01/2011
8890580,1679556,Ship manager/Commercial manager,DAIZIN SHIPPING CO,"Hungbu-dong, Moranbong-guyok, Pyongyang, North Korea.",during 1992
8890580,1679556,Registered owner,DAIZIN SHIPPING CO,"Hungbu-dong, Moranbong-guyok, Pyongyang, North Korea.",during 1992
8890580,1679556,ISM Manager,DAIZIN SHIPPING CO,"Hungbu-dong, Moranbong-guyok, Pyongyang, North Korea.",since 01/01/1992
8974099,5019256,Ship manager/Commercial manager,WONSAN FISHERY UNIVERSITY,"Haean-dong, Wonsan, Kangwon-do, North Korea.",since 18/10/2002
8974099,5019256,Registered owner,WONSAN FISHERY UNIVERSITY,"Haean-dong, Wonsan, Kangwon-do, North Korea.",since 18/10/2002
8974099,5019256,ISM Manager,WONSAN FISHERY UNIVERSITY,"Haean-dong, Wonsan, Kangwon-do, North Korea.",since 18/10/2002
8898738,5146578,ISM Manager,YUSONG SHIPPING CO,"Uiam-dong, Taedonggang-guyok, Pyongyang, North Korea.",since 01/01/2013
8898738,5146578,Registered owner,YUSONG SHIPPING CO,"Uiam-dong, Taedonggang-guyok, Pyongyang, North Korea.",since 01/01/2007
8898738,5146578,Ship manager/Commercial manager,YUSONG SHIPPING CO,"Uiam-dong, Taedonggang-guyok, Pyongyang, North Korea.",since 01/01/2007
9159787,5146578,ISM Manager,YUSONG SHIPPING CO,"Uiam-dong, Taedonggang-guyok, Pyongyang, North Korea.",since 01/08/2011
9159787,5146578,Registered owner,YUSONG SHIPPING CO,"Uiam-dong, Taedonggang-guyok, Pyongyang, North Korea.",before 2004
9159787,5146578,Ship manager/Commercial manager,YUSONG SHIPPING CO,"Uiam-dong, Taedonggang-guyok, Pyongyang, North Korea.",before 2004
8731497,5647667,Ship manager/Commercial manager,APROKGANG SHIPPING & TRADING,"Apgang-dong, Sinuiju, Pyong-anbuk-do, North Korea.",since 09/08/2008
8731497,5647667,Registered owner,APROKGANG SHIPPING & TRADING,"Apgang-dong, Sinuiju, Pyong-anbuk-do, North Korea.",since 09/08/2008
8731497,5647667,ISM Manager,APROKGANG SHIPPING & TRADING,"Apgang-dong, Sinuiju, Pyong-anbuk-do, North Korea.",since 09/08/2008
9103635,5856721,Ship manager/Commercial manager,NIA MS,"Office 506, Customs Building, al-Khalij Road, Deira, PO Box 171712, Dubai, United Arab Emirates.",since 12/01/2015
9103635,5856721,Registered owner,NIA MS,"Office 506, Customs Building, al-Khalij Road, Deira, PO Box 171712, Dubai, United Arab Emirates.",since 12/01/2015
9103635,5856721,ISM Manager,NIA MS,"Office 506, Customs Building, al-Khalij Road, Deira, PO Box 171712, Dubai, United Arab Emirates.",since 12/01/2015
8518962,5321613,Ship manager/Commercial manager,KOREA HAEGUMGANG SHPG CO,"Uiam-dong, Taedonggang-guyok, Pyongyang, North Korea.",before 08/2015
8518962,5584164,Registered owner,HONGKONG COMPLANT INTL TRANS,"Care of Korea Haegumgang Shipping Co , Uiam-dong, Taedonggang-guyok, Pyongyang, North Korea.",before 01/2013
8518962,5321613,ISM Manager,KOREA HAEGUMGANG SHPG CO,"Uiam-dong, Taedonggang-guyok, Pyongyang, North Korea.",since 01/08/2015
8810384,5856267,Ship manager/Commercial manager,KOREA TANPHUNG TRADING CO,"Ryusong-dong, Chung-guyok, Pyongyang, North Korea.",during 08/2016
8810384,5885400,Registered owner,XIN SEA SHIPPING CO LTD,"Care of Korea Tanphung Trading Co , Ryusong-dong, Chung-guyok, Pyongyang, North Korea.",since 24/07/2015
8810384,5856267,ISM Manager,KOREA TANPHUNG TRADING CO,"Ryusong-dong, Chung-guyok, Pyongyang, North Korea.",since 01/08/2016
8415433,5057119,Ship manager/Commercial manager,KOREA BUYON SHIPPING CO,"Chongpyong-dong, Pyongchon-guyok, Pyongyang, North Korea.",since 30/07/2016
8415433,5057119,Registered owner,KOREA BUYON SHIPPING CO,"Chongpyong-dong, Pyongchon-guyok, Pyongyang, North Korea.",since 30/07/2016
8415433,5057119,ISM Manager,KOREA BUYON SHIPPING CO,"Chongpyong-dong, Pyongchon-guyok, Pyongyang, North Korea.",since 30/07/2016
8999544,5348658,Ship manager/Commercial manager,HAESONG SHIPPING CO,"Palgol-dong, Mangyongdae-guyok, Pyongyang, North Korea.",since 07/09/2016
8999544,5883381,Registered owner,HONGKONG ALIBABA SHIPPING,"Room 2105, OD5492, Trend Centre, 29-31, Cheung Lee Street, Chai Wan, Hong Kong, China.",since 20/08/2015
8999544,5348658,ISM Manager,HAESONG SHIPPING CO,"Palgol-dong, Mangyongdae-guyok, Pyongyang, North Korea.",since 07/09/2016
8217685,5434300,Ship manager/Commercial manager,HWASONG SHIPPING CO LTD,"Changgyong-dong, Sosong-guyok, Pyongyang, North Korea.",since 14/06/2013
8217685,5434300,Registered owner,HWASONG SHIPPING CO LTD,"Changgyong-dong, Sosong-guyok, Pyongyang, North Korea.",since 14/06/2013
8217685,5434300,ISM Manager,HWASONG SHIPPING CO LTD,"Changgyong-dong, Sosong-guyok, Pyongyang, North Korea.",since 14/06/2013
8018900,5814866,Ship manager/Commercial manager,HAEJIN SHIP MANAGEMENT CO LTD,"Tonghung-dong, Chung-guyok, Pyongyang, North Korea.",before 10/2014
8018900,5821426,Registered owner,JIHYESAN SHIPPING CO LTD,"Care of Haejin Ship Management Co Ltd , Tonghung-dong, Chung-guyok, Pyongyang, North Korea.",before 10/2014
8018900,5814866,ISM Manager,HAEJIN SHIP MANAGEMENT CO LTD,"Tonghung-dong, Chung-guyok, Pyongyang, North Korea.",since 01/10/2014
7303803,5676084,Ship manager/Commercial manager,KOREA ANSAN SHPG CO,"Pyongchon 1-dong, Pyongchon-guyok, Pyongyang, North Korea.",during 04/2012
7303803,5676084,Registered owner,KOREA ANSAN SHPG CO,"Pyongchon 1-dong, Pyongchon-guyok, Pyongyang, North Korea.",during 04/2012
7303803,5676084,ISM Manager,KOREA ANSAN SHPG CO,"Pyongchon 1-dong, Pyongchon-guyok, Pyongyang, North Korea.",since 01/04/2012
8987333,1267131,Ship manager/Commercial manager,KOREAN POLISH SHPG CO LTD,"Kinmaul-dong, Moranbong-guyok, Pyongyang, North Korea.",since 01/10/2007
8987333,1267131,Registered owner,KOREAN POLISH SHPG CO LTD,"Kinmaul-dong, Moranbong-guyok, Pyongyang, North Korea.",since 01/10/2007
8987333,1267131,ISM Manager,KOREAN POLISH SHPG CO LTD,"Kinmaul-dong, Moranbong-guyok, Pyongyang, North Korea.",since 01/10/2007
7313822,5728463,ISM Manager,KOREA SUNGJIN SHIPPING CO,"Sojang-dong, Potonggang-guyok, Pyongyang, North Korea.",since 20/04/2010
7313822,5728463,Registered owner,KOREA SUNGJIN SHIPPING CO,"Sojang-dong, Potonggang-guyok, Pyongyang, North Korea.",since 17/06/2003
7313822,5728463,Ship manager/Commercial manager,KOREA SUNGJIN SHIPPING CO,"Sojang-dong, Potonggang-guyok, Pyongyang, North Korea.",since 17/06/2003
6817948,5434344,ISM Manager,KOREA JANGSAENG TRADING CO LTD,"Kwanmun 2-dong, Rakrang-guyok, Pyongyang, North Korea.",since 26/10/2010
6817948,5434344,Registered owner,KOREA JANGSAENG TRADING CO LTD,"Kwanmun 2-dong, Rakrang-guyok, Pyongyang, North Korea.",during 04/2009
6817948,5434344,Ship manager/Commercial manager,KOREA JANGSAENG TRADING CO LTD,"Kwanmun 2-dong, Rakrang-guyok, Pyongyang, North Korea.",during 04/2009
8151415,1991835,Ship manager/Commercial manager,TONGHUNG SHIPPING & TRADING CO,"Kinmaul-dong, Moranbong-guyok, Pyongyang, North Korea.",during 2013
8151415,1991835,Registered owner,TONGHUNG SHIPPING & TRADING CO,"Kinmaul-dong, Moranbong-guyok, Pyongyang, North Korea.",during 2013
8151415,1991835,ISM Manager,TONGHUNG SHIPPING & TRADING CO,"Kinmaul-dong, Moranbong-guyok, Pyongyang, North Korea.",since 01/01/2013
8712362,5571322,Ship manager/Commercial manager,CHONMYONG SHIPPING CO,"Kalrimgil 2-dong, Mangyongdae-guyok, Pyongyang, North Korea.",since 14/06/2016
8712362,5571322,Registered owner,CHONMYONG SHIPPING CO,"Kalrimgil 2-dong, Mangyongdae-guyok, Pyongyang, North Korea.",since 14/06/2016
8712362,5571322,ISM Manager,CHONMYONG SHIPPING CO,"Kalrimgil 2-dong, Mangyongdae-guyok, Pyongyang, North Korea.",since 14/06/2016
8989795,1414592,Ship manager/Commercial manager,KOREA RUNGRADO SHIPPING CO,"Pulgunkori 1-dong, Potonggang-guyok, Pyongyang, North Korea.",before 01/2013
8989795,1414592,Registered owner,KOREA RUNGRADO SHIPPING CO,"Pulgunkori 1-dong, Potonggang-guyok, Pyongyang, North Korea.",before 01/2013
8989795,1414592,ISM Manager,KOREA RUNGRADO SHIPPING CO,"Pulgunkori 1-dong, Potonggang-guyok, Pyongyang, North Korea.",since 01/01/2013
8122347,5787684,Ship manager/Commercial manager,HAPJANGGANG SHIPPING CORP,"Kumsong 3-dong, Mangyongdae-guyok, Pyongyang, North Korea.",before 10/2014
8122347,5787684,Registered owner,HAPJANGGANG SHIPPING CORP,"Kumsong 3-dong, Mangyongdae-guyok, Pyongyang, North Korea.",before 10/2014
8122347,5787684,ISM Manager,HAPJANGGANG SHIPPING CORP,"Kumsong 3-dong, Mangyongdae-guyok, Pyongyang, North Korea.",since 01/10/2014
8221222,1891570,Ship manager/Commercial manager,KOREA SONBONG GENERAL TRADING,"1, Kinmaul-dong, Moranbong-guyok, Pyongyang, North Korea.",during 04/2009
8221222,1891570,Registered owner,KOREA SONBONG GENERAL TRADING,"1, Kinmaul-dong, Moranbong-guyok, Pyongyang, North Korea.",during 04/2009
8221222,1891570,ISM Manager,KOREA SONBONG GENERAL TRADING,"1, Kinmaul-dong, Moranbong-guyok, Pyongyang, North Korea.",since 01/04/2009
8610461,5944048,Ship manager/Commercial manager,BUBONG TRADING CO,"Sonnae-dong, Mangyongdae-guyok, Pyongyang, North Korea.",since 10/08/2016
8610461,5781040,Registered owner,HK EVER PROSPER INTERNATIONAL,"Care of Bubong Trading Co , Sonnae-dong, Mangyongdae-guyok, Pyongyang, North Korea.",during 12/2013
8610461,5944048,ISM Manager,BUBONG TRADING CO,"Sonnae-dong, Mangyongdae-guyok, Pyongyang, North Korea.",since 10/08/2016
8106496,5145892,Ship manager/Commercial manager,KOREA SAMMA SHPG CO,"Rakrang 3-dong, Rakrang-guyok, Pyongyang, North Korea.",since 10/12/2001
8106496,5145892,Registered owner,KOREA SAMMA SHPG CO,"Rakrang 3-dong, Rakrang-guyok, Pyongyang, North Korea.",since 10/12/2001
8106496,5145892,ISM Manager,KOREA SAMMA SHPG CO,"Rakrang 3-dong, Rakrang-guyok, Pyongyang, North Korea.",since 10/12/2001
8925012,5647667,ISM Manager,APROKGANG SHIPPING & TRADING,"Apgang-dong, Sinuiju, Pyong-anbuk-do, North Korea.",since 01/01/2013
8925012,4177572,Registered owner,CHINA DANDONG LIAODONG,"Care of Korea Namsan Shipping Corp , Munhwa-dong, Hanggu-guyok, Nampho, North Korea.",during 05/2011
8925012,1790444,Ship manager/Commercial manager,KOREA NAMSAN SHPG CORP,"Munhwa-dong, Hanggu-guyok, Nampho, North Korea.",during 05/2011
8898740,5878561,Ship manager/Commercial manager,PHYONGCHON SHIPPING & MARINE,"Otan-dong, Chung-guyok, Pyongyang, North Korea.",during 08/2015
8898740,5878561,Registered owner,PHYONGCHON SHIPPING & MARINE,"Otan-dong, Chung-guyok, Pyongyang, North Korea.",during 08/2015
8898740,5878561,ISM Manager,PHYONGCHON SHIPPING & MARINE,"Otan-dong, Chung-guyok, Pyongyang, North Korea.",since 01/08/2015
8882052,1845156,ISM Manager,WONSAN FISHERY CO,"Haean-dong, Wonsan, Kangwon-do, North Korea.",since 25/11/2010
8882052,1845156,Registered owner,WONSAN FISHERY CO,"Haean-dong, Wonsan, Kangwon-do, North Korea.",during 1982
8882052,1845156,Ship manager/Commercial manager,WONSAN FISHERY CO,"Haean-dong, Wonsan, Kangwon-do, North Korea.",during 1982
8898831,5146578,Ship manager/Commercial manager,YUSONG SHIPPING CO,"Uiam-dong, Taedonggang-guyok, Pyongyang, North Korea.",during 04/2009
8898831,5146578,Registered owner,YUSONG SHIPPING CO,"Uiam-dong, Taedonggang-guyok, Pyongyang, North Korea.",during 04/2009
8898831,5146578,ISM Manager,YUSONG SHIPPING CO,"Uiam-dong, Taedonggang-guyok, Pyongyang, North Korea.",since 01/04/2009
6409466,5462713,Ship manager/Commercial manager,KOREA KANGSONG,"Sochon-dong, Sosong-guyok, Pyongyang, North Korea.",before 01/2013
6409466,5462713,Registered owner,KOREA KANGSONG,"Sochon-dong, Sosong-guyok, Pyongyang, North Korea.",before 01/2013
6409466,5462713,ISM Manager,KOREA KANGSONG,"Sochon-dong, Sosong-guyok, Pyongyang, North Korea.",since 01/01/2013
9534652,5348658,Ship manager/Commercial manager,HAESONG SHIPPING CO,"Palgol-dong, Mangyongdae-guyok, Pyongyang, North Korea.",since 07/09/2016
9534652,5883377,Registered owner,HONGKONG OCEAN GLORY SHIPPING,"Care of Haesong Shipping Co , Palgol-dong, Mangyongdae-guyok, Pyongyang, North Korea.",since 20/08/2015
9534652,5348658,ISM Manager,HAESONG SHIPPING CO,"Palgol-dong, Mangyongdae-guyok, Pyongyang, North Korea.",since 07/09/2016
8021579,5886491,Ship manager/Commercial manager,KOREA KYONGUN SHIPPING CO,"Sonnae-dong, Mangyongdae-guyok, Pyongyang, North Korea.",since 17/09/2015
8021579,5886491,Registered owner,KOREA KYONGUN SHIPPING CO,"Sonnae-dong, Mangyongdae-guyok, Pyongyang, North Korea.",since 17/09/2015
8021579,5886491,ISM Manager,KOREA KYONGUN SHIPPING CO,"Sonnae-dong, Mangyongdae-guyok, Pyongyang, North Korea.",since 17/09/2015
8989874,5647667,Ship manager/Commercial manager,APROKGANG SHIPPING & TRADING,"Apgang-dong, Sinuiju, Pyong-anbuk-do, North Korea.",during 2011
8989874,5647667,Registered owner,APROKGANG SHIPPING & TRADING,"Apgang-dong, Sinuiju, Pyong-anbuk-do, North Korea.",during 2011
8989874,5647667,ISM Manager,APROKGANG SHIPPING & TRADING,"Apgang-dong, Sinuiju, Pyong-anbuk-do, North Korea.",since 01/01/2011
8829579,1701414,Ship manager/Commercial manager,SINPO FISHERY CO,"Ryonho-dong, Sinpo, Hamgyongnam-do, North Korea.",before 01/2013
8829579,1701414,Registered owner,SINPO FISHERY CO,"Ryonho-dong, Sinpo, Hamgyongnam-do, North Korea.",before 01/2013
8829579,1701414,ISM Manager,SINPO FISHERY CO,"Ryonho-dong, Sinpo, Hamgyongnam-do, North Korea.",since 01/01/2013
